ethnicity,standard_text
not hispanic or latino,not hispanic or latino
not hispanic or latin,not hispanic or latino
not Ilispanic or latino,not hispanic or latino
not elispanic / latino,not hispanic or latino
not Ilispanic,not hispanic or latino
net hispanic or latino,not hispanic or latino
net hispanic,not hispanic or latino
not: hispanic or latino,not hispanic or latino
not: hispanic / latino,not hispanic or latino
"non-hispanic,latino/a, latinx",not hispanic or latino
nat tispanic / latino,not hispanic or latino
not hispanic / latina,not hispanic or latino
non hispanic or latin,not hispanic or latino
not hispanic/latin origin,not hispanic or latino
not: hispanic,not hispanic or latino
not hispanic,not hispanic or latino
not lispanic / latino,not hispanic or latino
hispanic or latinoo,hispanic or latino
hispani or latino,hispanic or latino
hispania / latin,hispanic or latino
"latino/a, latinx",hispanic or latino
hispanie / latin,hispanic or latino
"hispanic, latino/a",hispanic or latino
hispanic / latin,hispanic or latino
ttispanie / latin,hispanic or latino
hispanip,hispanic or latino
hispantc,hispanic or latino
latinoo,hispanic or latino
hispanic or latino,hispanic or latino
cihispanic or latino,hispanic or latino
"hispanic, latino/a, or of spanish origin",hispanic or latino
hispani,hispanic or latino
hispanic or latin,hispanic or latino
latin,hispanic or latino
latino,hispanic or latino
hispanic,hispanic or latino
hispanie,hispanic or latino
latinol,hispanic or latino
ohispanic or latino,hispanic or latino
chispanic or latino,hispanic or latino
ispanic or latino,hispanic or latino
hispanic/ latino,hispanic or latino
tispanic / latin,hispanic or latino
non-hispanic,not hispanic or latino
non-hispantc,not hispanic or latino
non-hispanic/ latino,not hispanic or latino
non hispanic or latino,not hispanic or latino
non hispanic or latinol,not hispanic or latino
not hispanie,not hispanic or latino
non-hispanic or non-latino,not hispanic or latino
non-latino,not hispanic or latino
non-hispanic or latino,not hispanic or latino
not latino or hispanic,not hispanic or latino
not latino,not hispanic or latino
not hspanic or latino,not hispanic or latino
not hispanic / latino,not hispanic or latino
non hispanic,not hispanic or latino
"not hispanic, latino",not hispanic or latino
not spanish or hispanic,not hispanic or latino
not spanish,not hispanic or latino
not hispanic/latino,not hispanic or latino
"not hispanic, latino, or spanish origin",not hispanic or latino
"latino, or spanish origin",not hispanic or latino
"latino/a, or spanish origin",not hispanic or latino
"latino, or spanish",not hispanic or latino
"latino/a, or spanish",not hispanic or latino
"not hispanic, or spanish origin",not hispanic or latino
spanish origin,not hispanic or latino
"not hispanic, latino/a",not hispanic or latino
"non hispanic, latino/a",not hispanic or latino
latino/a,hispanic or latino
"not hispanic, latina",not hispanic or latino
"non-hispanic, latino/a, latinx",not hispanic or latino
"non-hispanic, latinx",not hispanic or latino
"non-hispanic, latina, latinx",not hispanic or latino
"non-hispanic, latino, latinx",not hispanic or latino
latinx,hispanic or latino
ashkenazi jewish,ashkenazi jewish
jewish,ashkenazi jewish
ashkenazi,ashkenazi jewish
"not hispanic, latino/a, or spanish origin",not hispanic or latino
"not hispanic, latina, or spanish origin",not hispanic or latino
non-hispanic/latino,not hispanic or latino
non-hispanic / non latino,not hispanic or latino
non latino,not hispanic or latino
hispanic/latino,hispanic or latino
ttispanie / latin  ,hispanic or latino
ttispanie  ,hispanic or latino
latin  ,hispanic or latino
not of hispanic origin,not hispanic or latino
not hispanic or english latino,not hispanic or latino
not of hispanic,not hispanic or latino
"not hispanic, latino, spanish",not hispanic or latino
"not hispanic, spanish",not hispanic or latino
"latino, spanish",not hispanic or latino
spanish,not hispanic or latino
"not hispanic, english latino/a, or spanish origin",not hispanic or latino
english latino/a,not hispanic or latino
english latina,not hispanic or latino
"not hispanic, english latina, or spanish origin",not hispanic or latino
"not hispanic, english latino, or spanish origin",not hispanic or latino
not hispanic nor latino,not hispanic or latino
nor latino,not hispanic or latino
non-hispanic/non latino,not hispanic or latino
latino or hispanic,hispanic or latino
"not hispanic, latino/a, or spanish",not hispanic or latino
